game_id,home_flag,team_id,abb,wins,loss,wl%,asts,rebs,orebs,tovs,fga,fg%,2pa,2p%,3pa,3p%,fta,ft%,pfs,pts,ref1,ref2,ref3,net_score,won
0021100057,0,1610612738,BOS,2,3,0.4,26,41,8,16,74,0.5,62,0.516,12,0.417,23,0.652,20,94,1194,200833,202058,8,1
0021100057,1,1610612764,WAS,0,4,0.0,15,39,10,14,78,0.41,62,0.484,16,0.125,23,0.87,21,86,1194,200833,202058,-8,0
0021100058,0,1610612761,TOR,4,1,0.8,23,33,5,11,70,0.457,57,0.473,13,0.385,29,0.931,27,96,1176,1188,202053,-6,0
0021100058,1,1610612753,ORL,1,3,0.25,20,33,8,12,75,0.493,48,0.521,27,0.444,24,0.667,22,102,1176,1188,202053,6,1
0021100059,0,1610612766,CHA,1,3,0.25,20,40,11,16,92,0.38,74,0.391,18,0.333,21,0.667,20,90,1174,1363,202007,-39,0
0021100059,1,1610612748,MIA,5,0,1.0,33,47,5,15,80,0.6,69,0.594,11,0.636,31,0.839,18,129,1174,1363,202007,39,1
0021100060,0,1610612751,NJN,2,2,0.5,16,32,8,21,71,0.38,49,0.408,22,0.318,28,0.75,16,82,1168,1204,200834,-16,0
0021100060,1,1610612739,CLE,1,4,0.2,24,36,10,20,78,0.487,52,0.423,26,0.615,11,0.545,26,98,1168,1204,200834,16,1
0021100061,0,1610612742,DAL,1,4,0.2,17,35,6,17,77,0.377,53,0.415,24,0.292,21,0.81,22,82,1146,2714,201246,-17,0
0021100061,1,1610612750,MIN,1,3,0.25,15,54,17,16,85,0.424,63,0.413,22,0.455,24,0.708,17,99,1146,2714,201246,17,1
0021100062,0,1610612763,MEM,4,1,0.8,13,40,14,16,84,0.31,75,0.334,9,0.111,14,0.786,18,64,1195,2532,1185,-40,0
0021100062,1,1610612741,CHI,1,3,0.25,24,55,17,14,84,0.464,71,0.478,13,0.385,29,0.724,15,104,1195,2532,1185,40,1
0021100063,0,1610612747,LAL,3,2,0.6,19,44,12,15,88,0.398,65,0.477,23,0.174,24,0.667,28,90,1201,1662,2878,-9,0
0021100063,1,1610612743,DEN,3,3,0.5,21,44,5,15,71,0.465,53,0.585,18,0.111,37,0.838,18,99,1201,1662,2878,9,1
0021100064,0,1610612740,NOH,2,3,0.4,24,60,22,19,89,0.404,74,0.486,15,0.0,16,0.5,18,80,1830,2005,201245,-16,0
0021100064,1,1610612758,SAC,2,2,0.5,16,41,12,10,85,0.412,62,0.436,23,0.348,21,0.857,15,96,1830,2005,201245,16,1
0021100065,0,1610612757,POR,2,2,0.5,20,46,13,21,78,0.423,63,0.46,15,0.267,22,0.818,24,88,1199,101283,101284,-5,0
0021100065,1,1610612746,LAC,3,1,0.75,25,38,8,21,75,0.48,51,0.588,24,0.25,24,0.625,18,93,1199,101283,101284,5,1
0021100066,0,1610612744,GSW,2,3,0.4,27,36,7,17,72,0.5,55,0.527,17,0.412,20,0.6,24,91,1179,201640,202027,-11,0
0021100066,1,1610612756,PHX,2,3,0.4,23,49,16,11,87,0.448,64,0.484,23,0.348,21,0.762,18,102,1179,201640,202027,11,1
0021100067,0,1610612764,WAS,3,3,0.5,14,42,13,11,83,0.422,72,0.445,11,0.273,23,0.826,17,92,2534,1200,2532,-8,0
0021100067,1,1610612738,BOS,0,5,0.0,28,43,12,15,83,0.458,63,0.445,20,0.5,21,0.667,23,100,2534,1200,2532,8,1
0021100068,0,1610612754,IND,4,1,0.8,26,42,14,15,78,0.526,57,0.492,21,0.619,18,0.722,23,108,1164,200833,202026,14,1
0021100068,1,1610612751,NJN,1,5,0.167,15,40,20,10,89,0.371,61,0.427,28,0.25,26,0.808,16,94,1164,200833,202026,-14,0
0021100069,0,1610612761,TOR,2,3,0.4,21,44,4,18,68,0.441,51,0.451,17,0.412,29,0.793,30,90,1162,2882,202058,5,1
0021100069,1,1610612752,NYK,2,3,0.4,14,39,6,11,78,0.359,43,0.418,35,0.286,25,0.76,24,85,1162,2882,202058,-5,0
0021100070,0,1610612737,ATL,5,1,0.833,19,40,10,10,82,0.476,66,0.455,16,0.563,20,0.65,21,100,2529,1153,1198,8,1
0021100070,1,1610612748,MIA,4,1,0.8,23,40,9,16,73,0.466,60,0.484,13,0.385,28,0.679,15,92,2529,1153,1198,-8,0
0021100071,0,1610612753,ORL,4,2,0.667,20,28,7,17,63,0.444,41,0.487,22,0.364,21,0.667,24,78,1146,1168,1159,-11,0
0021100071,1,1610612765,DET,2,3,0.4,19,39,11,17,62,0.5,54,0.537,8,0.25,33,0.758,19,89,1146,1168,1159,11,1
0021100072,0,1610612759,SAS,2,3,0.4,26,30,9,9,82,0.439,62,0.468,20,0.35,21,0.81,15,96,1193,1204,1142,-10,0
0021100072,1,1610612750,MIN,3,2,0.6,18,38,7,19,71,0.577,50,0.58,21,0.571,15,0.8,18,106,1193,1204,1142,10,1
0021100073,0,1610612760,OKC,2,4,0.333,12,41,12,13,77,0.403,58,0.449,19,0.263,26,0.769,17,87,1148,2002,201638,-13,0
0021100073,1,1610612742,DAL,5,1,0.833,21,41,11,12,80,0.487,64,0.53,16,0.313,20,0.85,23,100,1148,2002,201638,13,1
0021100074,0,1610612749,MIL,4,2,0.667,19,38,9,14,88,0.42,69,0.463,19,0.263,11,0.636,20,86,1147,2004,2716,-5,0
0021100074,1,1610612743,DEN,2,2,0.5,22,49,13,16,83,0.398,64,0.454,19,0.211,27,0.778,15,91,1147,2004,2716,5,1
0021100075,0,1610612740,NOH,2,3,0.4,22,37,7,15,74,0.5,64,0.531,10,0.3,16,0.813,24,90,2003,1190,201637,-4,0
0021100075,1,1610612762,UTA,2,3,0.4,20,36,9,12,76,0.487,61,0.525,15,0.333,23,0.652,18,94,2003,1190,201637,4,1
0021100076,0,1610612766,CHA,1,4,0.2,20,46,10,13,90,0.444,76,0.473,14,0.286,19,0.895,22,101,1152,1664,201246,-14,0
0021100076,1,1610612739,CLE,3,2,0.6,25,41,9,9,90,0.5,69,0.507,21,0.476,26,0.577,19,115,1152,1664,201246,14,1
0021100077,0,1610612737,ATL,5,1,0.833,19,44,10,12,80,0.35,65,0.369,15,0.267,25,0.56,17,74,2001,2714,200832,-2,0
0021100077,1,1610612741,CHI,4,2,0.667,16,47,11,14,77,0.338,60,0.367,17,0.235,26,0.769,21,76,2001,2714,200832,2,1
0021100078,0,1610612758,SAC,2,4,0.333,13,41,14,19,83,0.41,59,0.424,24,0.375,23,0.826,18,96,2530,1363,202053,-17,0
0021100078,1,1610612763,MEM,2,3,0.4,20,49,15,15,91,0.549,83,0.578,8,0.25,16,0.688,17,113,2530,1363,202053,17,1
0021100079,0,1610612757,POR,4,1,0.8,20,46,11,9,76,0.447,61,0.459,15,0.4,36,0.806,16,103,1147,2004,2716,10,1
0021100079,1,1610612760,OKC,5,2,0.714,22,40,10,10,83,0.434,63,0.492,20,0.25,21,0.762,22,93,1147,2004,2716,-10,0
0021100080,0,1610612749,MIL,2,3,0.4,16,48,23,14,95,0.305,74,0.365,21,0.095,16,0.813,19,73,1179,1662,202037,-12,0
0021100080,1,1610612762,UTA,3,3,0.5,24,50,10,24,66,0.485,53,0.547,13,0.231,28,0.643,24,85,1179,1662,202037,12,1
0021100081,0,1610612745,HOU,4,3,0.571,27,38,10,8,96,0.427,65,0.461,31,0.355,7,0.857,25,99,1830,2005,201245,-9,0
0021100081,1,1610612747,LAL,2,3,0.4,25,53,10,15,78,0.526,64,0.563,14,0.357,27,0.778,15,108,1830,2005,201245,9,1
0021100082,0,1610612739,CLE,3,3,0.5,16,45,13,11,81,0.296,58,0.293,23,0.304,26,0.846,17,77,1164,2715,200833,-15,0
0021100082,1,1610612761,TOR,3,3,0.5,23,43,7,11,77,0.468,50,0.521,27,0.37,13,0.769,18,92,1164,2715,200833,15,1
0021100083,0,1610612764,WAS,5,2,0.714,12,44,14,9,93,0.366,81,0.395,12,0.167,18,0.833,21,85,2530,2148,201638,-18,0
0021100083,1,1610612753,ORL,0,6,0.0,27,54,17,15,85,0.459,66,0.47,19,0.421,25,0.68,13,103,2530,2148,201638,18,1
0021100084,0,1610612751,NJN,4,3,0.571,15,34,10,13,74,0.405,54,0.481,20,0.2,10,0.6,23,70,1152,2882,200832,-19,0
0021100084,1,1610612738,BOS,1,6,0.143,24,45,12,13,71,0.493,55,0.527,16,0.375,21,0.619,20,89,1152,2882,200832,19,1
0021100085,0,1610612766,CHA,2,4,0.333,27,37,7,13,85,0.553,74,0.541,11,0.636,21,0.81,16,118,1200,2529,2532,8,1
0021100085,1,1610612752,NYK,2,4,0.333,19,40,11,17,85,0.494,56,0.554,29,0.379,20,0.75,20,110,1200,2529,2532,-8,0
0021100086,0,1610612754,IND,4,2,0.667,12,36,9,23,69,0.348,50,0.38,19,0.263,39,0.769,26,83,1193,1204,101284,-35,0
0021100086,1,1610612748,MIA,6,1,0.857,25,42,7,13,80,0.525,59,0.576,21,0.381,28,0.929,25,118,1193,1204,101284,35,1
0021100087,0,1610612741,CHI,6,1,0.857,31,40,8,15,76,0.526,64,0.546,12,0.417,21,0.667,12,99,1363,2534,2878,16,1
0021100087,1,1610612765,DET,2,4,0.333,18,38,11,11,88,0.409,82,0.427,6,0.167,12,0.833,16,83,1363,2534,2878,-16,0
0021100088,0,1610612755,PHI,2,4,0.333,22,38,11,8,86,0.477,70,0.529,16,0.25,18,0.833,19,101,1174,1142,1159,8,1
0021100088,1,1610612740,NOH,3,2,0.6,21,42,12,13,79,0.443,69,0.464,10,0.3,25,0.8,18,93,1174,1142,1159,-8,0
0021100089,0,1610612763,MEM,3,3,0.5,16,46,14,10,80,0.412,71,0.422,9,0.333,25,0.84,19,90,1662,1664,202007,4,1
0021100089,1,1610612750,MIN,2,4,0.333,15,50,17,17,82,0.402,61,0.426,21,0.333,24,0.542,20,86,1662,1664,202007,-4,0
0021100090,0,1610612756,PHX,3,4,0.429,18,42,11,15,82,0.451,65,0.492,17,0.294,15,0.667,21,89,1190,1201,201637,-9,0
0021100090,1,1610612742,DAL,2,4,0.333,30,53,19,13,91,0.418,69,0.435,22,0.364,21,0.667,19,98,1190,1201,201637,9,1
0021100091,0,1610612744,GSW,2,4,0.333,18,37,5,10,80,0.463,60,0.467,20,0.45,19,0.632,20,95,1148,200834,202026,-6,0
0021100091,1,1610612759,SAS,4,2,0.667,23,45,9,13,78,0.474,61,0.442,17,0.588,24,0.708,14,101,1148,200834,202026,6,1
0021100092,0,1610612758,SAC,5,2,0.714,12,36,15,16,93,0.323,72,0.39,21,0.095,24,0.875,17,83,1176,2003,201639,-27,0
0021100092,1,1610612743,DEN,2,5,0.286,31,50,7,27,76,0.605,67,0.642,9,0.333,22,0.682,22,110,1176,2003,201639,27,1
0021100093,0,1610612745,HOU,3,2,0.6,15,33,6,19,76,0.461,60,0.467,16,0.438,17,0.706,23,89,1194,201640,202027,-28,0
0021100093,1,1610612746,LAC,2,4,0.333,30,33,5,7,82,0.573,66,0.621,16,0.375,24,0.708,17,117,1194,201640,202027,28,1
0021100094,0,1610612748,MIA,4,3,0.571,25,56,14,21,102,0.441,74,0.5,28,0.286,23,0.783,35,116,1199,2534,101283,7,1
0021100094,1,1610612737,ATL,7,1,0.875,22,51,15,17,94,0.383,72,0.417,22,0.273,46,0.674,24,109,1199,2534,101283,-7,0
0021100095,0,1610612742,DAL,3,5,0.375,11,52,11,15,77,0.351,58,0.449,19,0.053,21,0.762,13,71,2001,2004,202037,-22,0
0021100095,1,1610612759,SAS,5,2,0.714,22,42,9,8,86,0.395,53,0.339,33,0.485,16,0.563,17,93,2001,2004,202037,22,1
0021100096,0,1610612749,MIL,3,5,0.375,26,31,7,20,76,0.513,57,0.526,19,0.474,21,0.619,27,100,1195,1185,201246,-3,0
0021100096,1,1610612758,SAC,2,4,0.333,16,55,23,19,91,0.407,70,0.472,21,0.19,30,0.833,18,103,1195,1185,201246,3,1
0021100097,0,1610612747,LAL,5,1,0.833,15,47,13,13,79,0.468,68,0.544,11,0.0,27,0.815,20,96,1176,201640,201639,-11,0
0021100097,1,1610612757,POR,4,4,0.5,20,39,10,4,89,0.461,77,0.468,12,0.417,26,0.769,20,107,1176,201640,201639,11,1
0021100098,0,1610612751,NJN,3,4,0.429,21,44,13,10,80,0.388,49,0.327,31,0.484,27,0.741,19,97,2529,1200,202007,12,1
0021100098,1,1610612761,TOR,2,6,0.25,19,39,9,13,73,0.452,56,0.482,17,0.353,19,0.684,26,85,2529,1200,202007,-12,0
0021100099,0,1610612765,DET,2,5,0.286,18,42,14,14,86,0.36,76,0.407,10,0.0,14,0.786,17,73,1164,2148,201245,-23,0
0021100099,1,1610612755,PHI,4,2,0.667,23,49,13,12,85,0.459,67,0.508,18,0.278,16,0.813,12,96,1164,2148,201245,23,1
0021100100,0,1610612752,NYK,3,4,0.429,22,49,15,19,89,0.438,71,0.465,18,0.333,21,0.714,18,99,1152,2714,2716,3,1
0021100100,1,1610612764,WAS,0,7,0.0,18,44,10,23,85,0.482,71,0.492,14,0.429,13,0.615,26,96,1152,2714,2716,-3,0
0021100101,0,1610612737,ATL,2,5,0.286,29,46,16,14,95,0.442,75,0.467,20,0.35,16,0.688,18,102,1146,2715,202026,6,1
0021100101,1,1610612766,CHA,5,3,0.625,23,43,13,14,87,0.46,69,0.479,18,0.389,13,0.692,20,96,1146,2715,202026,-6,0
0021100102,0,1610612754,IND,4,4,0.5,17,48,15,11,80,0.4,66,0.364,14,0.571,18,0.833,23,87,1190,1363,202027,13,1
0021100102,1,1610612738,BOS,5,2,0.714,16,36,7,12,66,0.394,52,0.404,14,0.357,24,0.708,15,74,1190,1363,202027,-13,0
0021100103,0,1610612741,CHI,7,1,0.875,27,46,14,12,86,0.442,72,0.417,14,0.571,17,0.765,18,97,1174,1204,101284,14,1
0021100103,1,1610612753,ORL,5,3,0.625,15,37,9,17,75,0.4,55,0.418,20,0.35,21,0.762,16,83,1174,1204,101284,-14,0
0021100104,0,1610612743,DEN,6,2,0.75,24,37,8,12,79,0.468,58,0.551,21,0.238,22,0.773,13,96,1153,1664,202037,8,1
0021100104,1,1610612740,NOH,2,5,0.286,19,36,8,17,77,0.468,60,0.467,17,0.471,10,0.8,23,88,1153,1664,202037,-8,0
0021100105,0,1610612745,HOU,2,5,0.286,19,40,11,12,78,0.462,65,0.508,13,0.231,27,0.704,22,94,1201,2001,101283,-15,0
0021100105,1,1610612760,OKC,6,2,0.75,20,39,8,11,80,0.525,66,0.545,14,0.429,25,0.76,18,109,1201,2001,101283,15,1
0021100106,0,1610612739,CLE,4,3,0.571,20,45,11,14,80,0.463,63,0.461,17,0.471,22,0.727,25,98,1147,1179,2878,11,1
0021100106,1,1610612750,MIN,2,5,0.286,15,43,12,16,79,0.392,59,0.457,20,0.2,31,0.677,19,87,1147,1179,2878,-11,0
0021100107,0,1610612763,MEM,3,4,0.429,16,41,12,19,80,0.412,63,0.46,17,0.235,21,0.714,25,85,1162,2002,1198,-9,0
0021100107,1,1610612762,UTA,4,3,0.571,17,38,8,14,71,0.507,63,0.54,8,0.25,30,0.667,19,94,1162,2002,1198,9,1
0021100108,0,1610612757,POR,3,4,0.429,16,38,12,17,77,0.325,58,0.397,19,0.105,35,0.714,22,77,1195,2003,201246,-25,0
0021100108,1,1610612756,PHX,5,2,0.714,20,47,12,14,79,0.468,59,0.508,20,0.35,25,0.84,28,102,1195,2003,201246,25,1
0021100109,0,1610612744,GSW,5,4,0.556,19,34,10,18,77,0.494,63,0.54,14,0.286,19,0.526,28,90,1188,1194,202058,-7,0
0021100109,1,1610612747,LAL,2,5,0.286,27,47,15,19,77,0.481,66,0.516,11,0.273,29,0.69,18,97,1188,1194,202058,7,1
0021100110,0,1610612741,CHI,6,3,0.667,21,43,17,19,82,0.439,68,0.441,14,0.429,20,0.8,9,94,1164,1142,2716,-15,0
0021100110,1,1610612737,ATL,7,2,0.778,32,31,4,13,83,0.566,71,0.535,12,0.75,6,1.0,16,109,1164,1142,2716,15,1
0021100111,0,1610612766,CHA,2,6,0.25,12,48,22,13,89,0.326,73,0.329,16,0.313,21,0.667,21,77,1179,1830,201637,-22,0
0021100111,1,1610612754,IND,6,2,0.75,15,45,13,11,77,0.506,68,0.544,9,0.222,26,0.731,20,99,1179,1830,201637,22,1
0021100112,0,1610612748,MIA,2,7,0.222,27,45,10,22,76,0.5,61,0.541,15,0.333,24,0.833,27,101,2530,2148,201638,11,1
0021100112,1,1610612751,NJN,8,1,0.889,24,43,18,21,83,0.337,50,0.359,33,0.303,32,0.75,21,90,2530,2148,201638,-11,0
0021100113,0,1610612752,NYK,4,4,0.5,26,48,12,11,83,0.47,55,0.564,28,0.286,20,0.85,20,103,1147,2005,202007,23,1
0021100113,1,1610612765,DET,2,6,0.25,17,41,15,20,78,0.372,52,0.385,26,0.346,22,0.591,21,80,1147,2005,202007,-23,0
0021100114,0,1610612761,TOR,5,2,0.714,15,48,15,17,85,0.318,73,0.357,12,0.083,12,0.583,20,62,1148,1168,202027,-35,0
0021100114,1,1610612755,PHI,3,5,0.375,20,51,11,8,83,0.434,62,0.5,21,0.238,27,0.741,10,97,1148,1168,202027,35,1
0021100115,0,1610612760,OKC,2,6,0.25,18,44,18,16,85,0.424,64,0.454,21,0.333,22,0.864,16,98,1153,2715,202053,3,1
0021100115,1,1610612745,HOU,7,2,0.778,23,41,14,11,87,0.437,73,0.452,14,0.357,15,0.933,21,95,1153,2715,202053,-3,0
0021100116,0,1610612743,DEN,6,3,0.667,25,33,10,14,81,0.568,65,0.585,16,0.5,26,0.654,17,117,1199,200832,201640,-4,0
0021100116,1,1610612759,SAS,6,2,0.75,27,38,15,15,89,0.551,69,0.58,20,0.45,18,0.778,19,121,1199,200832,201640,4,1
0021100117,0,1610612740,NOH,4,5,0.444,17,39,6,20,64,0.406,53,0.377,11,0.545,28,0.821,19,81,1146,2532,101284,-15,0
0021100117,1,1610612742,DAL,2,6,0.25,22,35,6,14,74,0.432,55,0.436,19,0.421,29,0.828,21,96,1146,2532,101284,15,1
0021100118,0,1610612749,MIL,4,2,0.667,18,42,13,14,80,0.362,60,0.383,20,0.3,27,0.815,31,86,1162,1188,202058,-6,0
0021100118,1,1610612746,LAC,2,5,0.286,17,37,8,13,69,0.449,50,0.539,19,0.211,40,0.65,23,92,1162,1188,202058,6,1
0021100119,0,1610612762,UTA,2,6,0.25,25,43,15,9,81,0.395,65,0.431,16,0.25,28,0.714,22,88,1176,1185,201639,1,1
0021100119,1,1610612744,GSW,5,3,0.625,19,42,10,17,70,0.414,51,0.431,19,0.368,24,0.917,23,87,1176,1185,201639,-1,0
0021100120,0,1610612750,MIN,3,5,0.375,22,44,10,16,80,0.45,54,0.481,26,0.385,15,0.733,18,93,1200,1204,1363,21,1
0021100120,1,1610612764,WAS,0,8,0.0,15,45,16,15,87,0.345,77,0.351,10,0.3,16,0.563,17,72,1200,1204,1363,-21,0
0021100121,0,1610612753,ORL,6,3,0.667,24,43,17,10,87,0.425,55,0.49,32,0.313,31,0.645,20,104,1193,1662,202037,7,1
0021100121,1,1610612758,SAC,3,6,0.333,16,45,10,17,73,0.521,53,0.661,20,0.15,24,0.75,24,97,1193,1662,202037,-7,0
0021100122,0,1610612759,SAS,6,3,0.667,20,42,10,11,84,0.417,72,0.389,12,0.583,25,0.76,22,96,1174,1664,2878,-12,0
0021100122,1,1610612760,OKC,8,2,0.8,25,48,7,14,75,0.507,56,0.554,19,0.368,29,0.862,19,108,1174,1664,2878,12,1
0021100123,0,1610612749,MIL,4,4,0.5,23,40,15,13,86,0.43,71,0.479,15,0.2,24,0.667,13,93,2534,2882,200833,-16,0
0021100123,1,1610612756,PHX,2,6,0.25,30,38,7,14,77,0.558,55,0.599,22,0.455,17,0.765,20,109,2534,2882,200833,16,1
0021100124,0,1610612739,CLE,4,4,0.5,17,46,10,24,79,0.367,55,0.473,24,0.125,24,0.708,20,78,1194,1198,2002,-20,0
0021100124,1,1610612757,POR,6,2,0.75,27,42,9,14,92,0.413,69,0.464,23,0.261,18,0.889,20,98,1194,1198,2002,20,1
0021100125,0,1610612763,MEM,6,4,0.6,23,34,9,9,93,0.409,84,0.441,9,0.111,10,0.5,18,82,1195,1201,200834,-8,0
0021100125,1,1610612747,LAL,3,5,0.375,24,53,13,27,74,0.473,55,0.527,19,0.316,21,0.667,11,90,1195,1201,200834,8,1
0021100126,0,1610612750,MIN,3,6,0.333,14,39,15,15,80,0.338,56,0.358,24,0.292,33,0.788,26,87,2001,2148,200832,-10,0
0021100126,1,1610612761,TOR,4,5,0.444,16,44,14,13,77,0.442,58,0.535,19,0.158,28,0.929,28,97,2001,2148,200832,10,1
0021100127,0,1610612754,IND,6,2,0.75,18,43,13,16,82,0.366,69,0.377,13,0.308,30,0.733,21,86,2530,2005,202053,-10,0
0021100127,1,1610612755,PHI,6,3,0.667,19,48,9,18,76,0.5,59,0.542,17,0.353,19,0.737,24,96,2530,2005,202053,10,1
0021100128,0,1610612737,ATL,2,8,0.2,26,33,9,10,78,0.538,57,0.578,21,0.429,19,0.684,17,106,1830,1204,2714,5,1
0021100128,1,1610612751,NJN,7,3,0.7,24,40,10,16,77,0.468,55,0.455,22,0.5,21,0.857,20,101,1830,1204,2714,-5,0
0021100129,0,1610612766,CHA,2,7,0.222,21,49,10,17,82,0.415,63,0.429,19,0.368,15,0.8,24,87,1148,101283,201640,-4,0
0021100129,1,1610612752,NYK,5,4,0.556,16,50,14,12,79,0.38,69,0.421,10,0.1,40,0.75,22,91,1148,101283,201640,4,1
0021100130,0,1610612765,DET,8,2,0.8,14,37,10,18,71,0.394,67,0.403,4,0.25,14,0.786,21,68,1199,2004,202026,-24,0
0021100130,1,1610612741,CHI,2,7,0.222,19,41,12,10,74,0.459,58,0.534,16,0.188,25,0.84,15,92,1199,2004,202026,24,1
0021100131,0,1610612740,NOH,3,6,0.333,26,40,9,16,75,0.52,65,0.508,10,0.6,14,0.714,23,94,1162,1188,1185,13,1
0021100131,1,1610612743,DEN,6,4,0.6,19,35,8,17,71,0.408,48,0.437,23,0.348,21,0.714,19,81,1162,1188,1185,-13,0
0021100132,0,1610612758,SAC,7,2,0.778,16,43,13,15,86,0.395,67,0.447,19,0.211,21,0.619,13,85,1146,201640,201639,-27,0
0021100132,1,1610612755,PHI,3,7,0.3,30,46,4,10,83,0.566,70,0.6,13,0.385,19,0.684,15,112,1146,201640,201639,27,1
0021100133,0,1610612761,TOR,4,6,0.4,21,44,14,22,76,0.395,56,0.465,20,0.2,17,0.824,17,78,1142,2005,202053,-15,0
0021100133,1,1610612764,WAS,1,8,0.111,20,39,9,13,82,0.488,69,0.522,13,0.308,17,0.529,20,93,1142,2005,202053,15,1
0021100134,0,1610612745,HOU,3,6,0.333,18,57,14,22,83,0.386,66,0.395,17,0.353,16,0.75,17,82,2004,1168,2716,12,1
0021100134,1,1610612766,CHA,2,8,0.2,16,44,12,14,88,0.341,75,0.387,13,0.077,11,0.818,19,70,2004,1168,2716,-12,0
0021100135,0,1610612742,DAL,5,5,0.5,28,36,5,14,69,0.551,54,0.63,15,0.267,27,0.741,23,100,1152,2715,101283,14,1
0021100135,1,1610612765,DET,2,8,0.2,17,29,5,20,69,0.435,56,0.429,13,0.462,25,0.8,18,86,1152,2715,101283,-14,0
0021100136,0,1610612759,SAS,3,6,0.333,29,35,5,16,75,0.6,61,0.672,14,0.286,16,0.563,16,103,1363,2530,201245,-3,0
0021100136,1,1610612749,MIL,6,4,0.6,31,30,7,11,85,0.518,71,0.493,14,0.643,10,0.9,15,106,1363,2530,201245,3,1
0021100137,0,1610612760,OKC,9,2,0.818,14,51,14,14,74,0.459,59,0.474,15,0.4,32,0.813,23,100,1199,101284,2532,5,1
0021100137,1,1610612763,MEM,3,6,0.333,16,39,10,9,85,0.459,73,0.466,12,0.417,20,0.6,21,95,1199,101284,2532,-5,0
0021100138,0,1610612741,CHI,3,7,0.3,24,47,10,18,81,0.531,61,0.525,20,0.55,21,0.667,23,111,2002,1153,201637,11,1
0021100138,1,1610612750,MIN,9,2,0.818,18,30,7,11,78,0.423,56,0.446,22,0.364,32,0.813,17,100,2002,1153,201637,-11,0
0021100139,0,1610612739,CLE,6,3,0.667,13,42,18,13,78,0.449,58,0.535,20,0.2,43,0.721,27,105,2534,200834,202058,-8,0
0021100139,1,1610612762,UTA,4,5,0.444,24,37,9,14,76,0.592,66,0.636,10,0.3,29,0.69,30,113,2534,200834,202058,8,1
0021100140,0,1610612746,LAC,7,2,0.778,18,39,13,14,83,0.446,60,0.517,23,0.261,24,0.708,27,97,1193,2882,202027,-8,0
0021100140,1,1610612757,POR,4,3,0.571,21,34,7,11,72,0.514,58,0.552,14,0.357,32,0.813,24,105,1193,2882,202027,8,1
0021100141,0,1610612756,PHX,7,4,0.636,18,35,9,11,80,0.425,60,0.45,20,0.35,12,0.667,16,83,1662,1179,202037,-16,0
0021100141,1,1610612747,LAL,4,5,0.444,27,49,14,14,80,0.487,63,0.587,17,0.118,23,0.826,18,99,1662,1179,202037,16,1
0021100142,0,1610612748,MIA,3,6,0.333,16,48,14,22,85,0.459,74,0.5,11,0.182,40,0.65,23,106,1195,1198,202007,-5,0
0021100142,1,1610612744,GSW,8,2,0.8,23,52,18,20,95,0.4,68,0.427,27,0.333,30,0.867,26,111,1195,1198,202007,5,1
0021100143,0,1610612758,SAC,4,7,0.364,13,48,14,16,81,0.37,57,0.403,24,0.292,34,0.912,15,98,1201,2002,201638,7,1
0021100143,1,1610612761,TOR,4,7,0.364,20,44,9,14,80,0.425,60,0.467,20,0.3,21,0.81,28,91,1201,2002,201638,-7,0
0021100144,0,1610612737,ATL,7,4,0.636,14,45,10,18,80,0.375,67,0.373,13,0.385,27,0.704,16,84,1146,1148,201246,-12,0
0021100144,1,1610612754,IND,7,3,0.7,25,43,9,16,85,0.459,71,0.465,14,0.429,16,0.75,21,96,1146,1148,201246,12,1
0021100145,0,1610612755,PHI,6,4,0.6,10,37,9,14,81,0.395,66,0.439,15,0.2,18,0.667,19,79,1159,1188,2001,-6,0
0021100145,1,1610612752,NYK,7,3,0.7,13,46,9,21,77,0.416,55,0.473,22,0.273,19,0.789,20,85,1159,1188,2001,6,1
0021100146,0,1610612742,DAL,4,5,0.444,18,43,12,14,79,0.443,63,0.46,16,0.375,25,0.56,21,90,1194,2148,201639,5,1
0021100146,1,1610612738,BOS,6,5,0.545,19,35,2,15,64,0.453,53,0.471,11,0.364,32,0.719,17,85,1194,2148,201639,-5,0
0021100147,0,1610612764,WAS,10,2,0.833,12,46,14,14,84,0.31,75,0.307,9,0.333,12,0.75,15,64,1147,1168,201245,-14,0
0021100147,1,1610612741,CHI,1,9,0.1,17,62,23,15,90,0.367,78,0.385,12,0.25,16,0.563,14,78,1147,1168,201245,14,1
0021100148,0,1610612760,OKC,3,7,0.3,19,36,7,11,73,0.479,53,0.528,20,0.35,26,0.692,18,95,1176,2714,2716,10,1
0021100148,1,1610612740,NOH,10,2,0.833,20,42,14,13,80,0.45,64,0.547,16,0.063,17,0.706,17,85,1176,2714,2716,-10,0
0021100149,0,1610612745,HOU,7,4,0.636,19,48,15,11,96,0.427,75,0.507,21,0.143,12,0.833,24,95,101284,1190,2532,-6,0
0021100149,1,1610612759,SAS,3,7,0.3,23,42,13,11,92,0.457,76,0.487,16,0.313,17,0.706,12,101,101284,1190,2532,6,1
0021100150,0,1610612751,NJN,7,4,0.636,31,29,9,17,83,0.518,48,0.479,35,0.571,12,0.75,21,115,2534,1179,201637,-8,0
0021100150,1,1610612743,DEN,2,9,0.182,37,37,7,19,74,0.595,56,0.59,18,0.611,30,0.8,16,123,2534,1179,201637,8,1
0021100151,0,1610612747,LAL,6,4,0.6,17,46,8,17,82,0.427,73,0.425,9,0.444,19,0.842,18,90,1193,1664,202007,3,1
0021100151,1,1610612762,UTA,8,4,0.667,22,46,10,11,93,0.387,79,0.405,14,0.286,16,0.688,22,87,1193,1664,202007,-3,0
0021100152,0,1610612753,ORL,7,3,0.7,25,42,6,18,70,0.586,43,0.582,27,0.593,19,0.474,15,107,1162,200834,202026,3,1
0021100152,1,1610612757,POR,7,3,0.7,23,32,7,7,86,0.477,61,0.509,25,0.4,13,0.923,16,104,1162,200834,202026,-3,0
0021100153,0,1610612748,MIA,5,3,0.625,18,50,13,18,81,0.395,65,0.415,16,0.313,34,0.588,22,89,1164,1204,200833,-6,0
0021100153,1,1610612746,LAC,8,3,0.727,22,45,10,15,86,0.419,69,0.435,17,0.353,23,0.739,22,95,1164,1204,200833,6,1
0021100154,0,1610612766,CHA,8,4,0.667,21,30,4,12,78,0.423,70,0.457,8,0.125,16,0.875,19,81,1174,2005,1159,-30,0
0021100154,1,1610612737,ATL,2,9,0.182,29,55,20,9,90,0.467,71,0.507,19,0.316,28,0.75,16,111,1174,2005,1159,30,1
0021100155,0,1610612765,DET,2,9,0.182,18,35,10,16,74,0.446,69,0.435,5,0.6,24,1.0,21,93,1662,2529,202053,-9,0
0021100155,1,1610612749,MIL,4,6,0.4,25,35,13,14,78,0.474,56,0.464,22,0.5,17,1.0,20,102,1662,2529,202053,9,1
0021100156,0,1610612752,NYK,4,6,0.4,19,41,8,18,83,0.373,57,0.35,26,0.423,11,0.909,23,83,1152,1198,2004,-11,0
0021100156,1,1610612763,MEM,6,5,0.545,20,48,8,16,75,0.453,63,0.444,12,0.5,30,0.667,11,94,1152,1198,2004,11,1
0021100157,0,1610612739,CLE,4,6,0.4,22,47,15,12,89,0.438,70,0.414,19,0.526,21,0.619,19,101,1664,1153,2878,11,1
0021100157,1,1610612756,PHX,5,5,0.5,23,39,9,15,75,0.453,54,0.481,21,0.381,20,0.7,21,90,1664,1153,2878,-11,0
0021100158,0,1610612753,ORL,3,7,0.3,27,43,9,10,68,0.515,45,0.534,23,0.478,55,0.655,16,117,2882,1200,202058,8,1
0021100158,1,1610612744,GSW,8,3,0.727,27,38,6,14,82,0.524,59,0.559,23,0.435,19,0.684,36,109,2882,1200,202058,-8,0
0021100159,0,1610612754,IND,4,8,0.333,13,36,9,16,66,0.455,58,0.466,8,0.375,38,0.842,22,95,1194,201245,201639,5,1
0021100159,1,1610612761,TOR,8,3,0.727,17,35,11,17,74,0.446,57,0.509,17,0.235,32,0.625,32,90,1194,201245,201639,-5,0
0021100160,0,1610612764,WAS,8,3,0.727,18,37,9,18,81,0.444,64,0.5,17,0.235,20,0.65,16,89,2003,1179,201637,-31,0
0021100160,1,1610612755,PHI,1,10,0.091,27,39,9,12,85,0.553,67,0.522,18,0.667,19,0.737,15,120,2003,1179,201637,31,1
0021100161,0,1610612765,DET,2,10,0.167,26,46,13,11,82,0.488,68,0.486,14,0.5,16,0.688,17,98,2002,2530,200832,17,1
0021100161,1,1610612766,CHA,3,9,0.25,22,34,7,12,74,0.446,66,0.485,8,0.125,16,0.875,15,81,2002,2530,200832,-17,0
0021100162,0,1610612741,CHI,4,6,0.4,20,47,12,11,76,0.447,63,0.476,13,0.308,21,0.762,14,88,1201,2001,101283,9,1
0021100162,1,1610612738,BOS,11,2,0.846,20,34,8,9,75,0.413,61,0.409,14,0.429,13,0.846,19,79,1201,2001,101283,-9,0
0021100163,0,1610612750,MIN,4,7,0.364,11,48,12,16,70,0.343,45,0.4,25,0.24,38,0.868,19,87,1152,101284,201638,7,1
0021100163,1,1610612740,NOH,3,8,0.273,17,51,19,12,90,0.378,74,0.406,16,0.25,16,0.5,32,80,1152,101284,201638,-7,0
0021100164,0,1610612758,SAC,4,7,0.364,17,36,6,11,80,0.438,60,0.517,20,0.2,16,0.938,15,89,1195,2534,200833,-14,0
0021100164,1,1610612745,HOU,4,8,0.333,22,55,18,12,89,0.449,68,0.47,21,0.381,19,0.789,15,103,1195,2534,200833,14,1
0021100165,0,1610612749,MIL,7,5,0.583,15,36,12,19,78,0.372,54,0.445,24,0.208,16,0.813,21,76,1147,1168,2716,-26,0
0021100165,1,1610612742,DAL,4,7,0.364,20,43,8,17,75,0.52,53,0.547,22,0.455,18,0.778,17,102,1147,1168,2716,26,1
0021100166,0,1610612757,POR,7,4,0.636,20,36,10,18,84,0.405,66,0.44,18,0.278,14,0.714,22,83,1176,2715,201246,-16,0
0021100166,1,1610612759,SAS,8,4,0.667,23,50,11,23,74,0.514,57,0.562,17,0.353,25,0.68,22,99,1176,2715,201246,16,1
0021100167,0,1610612751,NJN,4,7,0.364,18,35,8,12,80,0.5,48,0.521,32,0.469,19,0.789,21,110,1193,1363,202007,7,1
0021100167,1,1610612756,PHX,3,9,0.25,26,35,9,13,79,0.519,57,0.579,22,0.364,16,0.813,18,103,1193,1363,202007,-7,0
0021100168,0,1610612748,MIA,8,4,0.667,19,40,14,17,81,0.469,65,0.477,16,0.438,29,0.724,25,104,1830,2882,202058,-13,0
0021100168,1,1610612743,DEN,8,4,0.667,26,37,8,18,78,0.551,53,0.584,25,0.48,26,0.731,19,117,1830,2882,202058,13,1
0021100169,0,1610612739,CLE,5,6,0.455,20,44,13,18,85,0.376,61,0.393,24,0.333,25,0.8,24,92,1142,1162,202026,-5,0
0021100169,1,1610612747,LAL,9,4,0.692,30,36,7,17,76,0.487,62,0.516,14,0.357,23,0.783,26,97,1142,1162,202026,5,1
0021100170,0,1610612755,PHI,9,3,0.75,20,37,8,7,86,0.43,70,0.443,16,0.375,27,0.852,16,103,1164,1201,2532,13,1
0021100170,1,1610612764,WAS,1,11,0.083,19,53,17,18,88,0.432,74,0.473,14,0.214,17,0.647,18,90,1164,1201,2532,-13,0
0021100171,0,1610612744,GSW,3,10,0.231,18,41,12,13,84,0.417,64,0.469,20,0.25,32,0.781,31,100,1190,1204,2003,-12,0
0021100171,1,1610612766,CHA,3,8,0.273,21,37,8,14,76,0.5,63,0.492,13,0.538,38,0.763,25,112,1190,1204,2003,12,1
0021100172,0,1610612750,MIN,9,4,0.692,21,40,10,14,85,0.447,64,0.531,21,0.19,12,0.917,21,91,1195,2004,202037,-2,0
0021100172,1,1610612737,ATL,4,8,0.333,21,51,14,19,78,0.41,57,0.438,21,0.333,27,0.815,14,93,1195,2004,202037,2,1
0021100173,0,1610612738,BOS,9,3,0.75,20,45,15,18,83,0.386,68,0.398,15,0.333,18,0.778,24,83,1199,2002,200834,-14,0
0021100173,1,1610612754,IND,4,7,0.364,14,52,20,14,94,0.372,78,0.384,16,0.313,23,0.957,18,97,1199,2002,200834,14,1
0021100174,0,1610612761,TOR,12,2,0.857,17,50,14,9,86,0.349,76,0.355,10,0.3,7,0.143,15,64,1198,1662,2529,-13,0
0021100174,1,1610612741,CHI,4,9,0.308,19,52,12,5,82,0.402,67,0.432,15,0.267,12,0.583,7,77,1198,1662,2529,13,1
0021100175,0,1610612740,NOH,3,9,0.25,19,43,12,15,75,0.467,65,0.477,10,0.4,31,0.806,30,99,1174,201640,201246,-9,0
0021100175,1,1610612763,MEM,5,6,0.455,16,40,13,9,78,0.449,68,0.442,10,0.5,41,0.805,19,108,1174,201640,201246,9,1
0021100176,0,1610612757,POR,5,7,0.417,18,46,17,13,90,0.411,64,0.437,26,0.346,31,0.71,25,105,1148,1159,2005,-2,0
0021100176,1,1610612745,HOU,7,5,0.583,20,54,19,17,93,0.419,75,0.453,18,0.278,28,0.857,30,107,1148,1159,2005,2,1
0021100177,0,1610612752,NYK,11,2,0.846,18,43,15,20,83,0.41,64,0.454,19,0.263,23,0.826,23,92,1830,200833,201638,-12,0
0021100177,1,1610612760,OKC,6,6,0.5,18,38,7,21,71,0.479,53,0.51,18,0.389,34,0.853,22,104,1830,200833,201638,12,1
0021100178,0,1610612758,SAC,8,5,0.615,10,50,16,15,86,0.256,65,0.308,21,0.095,18,0.778,21,60,1176,1188,200832,-39,0
0021100178,1,1610612742,DAL,4,9,0.308,19,59,12,16,81,0.457,65,0.462,16,0.438,25,0.72,16,99,1176,1188,200832,39,1
0021100179,0,1610612751,NJN,3,10,0.231,21,32,8,16,74,0.432,47,0.489,27,0.333,27,0.778,20,94,1153,1185,202027,-13,0
0021100179,1,1610612762,UTA,7,4,0.636,27,48,14,17,81,0.519,73,0.535,8,0.375,26,0.769,26,107,1153,1185,202027,13,1
0021100180,0,1610612747,LAL,6,3,0.667,24,42,11,9,77,0.455,65,0.462,12,0.417,25,0.76,26,94,1200,1363,2878,-8,0
0021100180,1,1610612746,LAC,9,5,0.643,17,50,17,9,85,0.412,64,0.406,21,0.429,30,0.767,22,102,1200,1363,2878,8,1
0021100181,0,1610612744,GSW,4,8,0.333,23,43,10,16,73,0.521,58,0.604,15,0.2,27,0.741,22,99,1194,2716,201245,8,1
0021100181,1,1610612765,DET,3,10,0.231,23,32,7,13,74,0.419,55,0.437,19,0.368,26,0.846,19,91,1194,2716,201245,-8,0
0021100182,0,1610612762,UTA,8,5,0.615,27,42,10,14,85,0.518,73,0.548,12,0.333,20,0.7,30,106,1146,2715,202026,10,1
0021100182,1,1610612743,DEN,8,4,0.667,21,39,11,15,75,0.427,59,0.441,16,0.375,39,0.667,22,96,1146,2715,202026,-10,0
0021100183,0,1610612756,PHX,4,8,0.333,20,41,10,12,91,0.418,76,0.435,15,0.333,14,0.714,21,91,1147,1168,1188,-11,0
0021100183,1,1610612759,SAS,9,4,0.692,27,48,8,13,81,0.494,62,0.565,19,0.263,23,0.739,15,102,1147,1168,1188,11,1
0021100184,0,1610612753,ORL,6,7,0.462,21,41,6,17,71,0.507,36,0.527,35,0.486,22,0.591,27,102,1185,1195,202037,9,1
0021100184,1,1610612752,NYK,9,3,0.75,14,34,5,10,73,0.411,53,0.472,20,0.25,33,0.848,23,93,1185,1195,202037,-9,0
0021100185,0,1610612741,CHI,12,3,0.8,12,34,13,19,78,0.423,66,0.485,12,0.083,25,0.76,14,86,1193,1200,200833,-16,0
0021100185,1,1610612763,MEM,6,6,0.5,23,46,15,19,87,0.54,77,0.571,10,0.3,9,0.556,19,102,1193,1200,200833,16,1
0021100186,0,1610612749,MIL,4,8,0.333,16,41,9,16,75,0.467,61,0.525,14,0.214,14,0.643,15,82,1199,2534,202007,-12,0
0021100186,1,1610612755,PHI,10,3,0.769,22,39,8,9,84,0.44,61,0.426,23,0.478,13,0.692,15,94,1199,2534,202007,12,1
0021100187,0,1610612745,HOU,6,7,0.462,24,42,15,11,87,0.483,71,0.521,16,0.313,26,0.962,21,114,1830,2878,200834,8,1
0021100187,1,1610612764,WAS,1,12,0.077,16,43,13,14,80,0.487,69,0.521,11,0.273,32,0.781,22,106,1830,2878,200834,-8,0
0021100188,0,1610612739,CLE,3,11,0.214,26,43,9,16,80,0.487,65,0.538,15,0.267,29,0.69,23,102,1176,1201,201637,8,1
0021100188,1,1610612766,CHA,6,6,0.5,20,39,12,10,86,0.442,69,0.493,17,0.235,26,0.538,23,94,1176,1201,201637,-8,0
0021100189,0,1610612761,TOR,10,4,0.714,19,42,11,15,78,0.423,66,0.454,12,0.25,22,0.682,27,84,1179,1190,200832,-9,0
0021100189,1,1610612737,ATL,4,10,0.286,21,36,6,10,71,0.451,58,0.466,13,0.385,31,0.774,19,93,1179,1190,200832,9,1
0021100190,0,1610612757,POR,3,10,0.231,25,37,4,17,72,0.472,52,0.538,20,0.3,15,0.667,20,84,1662,2529,202058,7,1
0021100190,1,1610612740,NOH,8,5,0.615,16,40,8,17,68,0.412,59,0.475,9,0.0,28,0.75,15,77,1662,2529,202058,-7,0
0021100191,0,1610612751,NJN,7,3,0.7,22,35,9,8,78,0.423,54,0.463,24,0.333,26,0.654,24,91,1142,2148,202053,-10,0
0021100191,1,1610612746,LAC,3,11,0.214,26,46,15,14,80,0.463,59,0.492,21,0.381,35,0.543,21,101,1142,2148,202053,10,1
0021100192,0,1610612760,OKC,4,8,0.333,13,40,9,12,80,0.45,61,0.476,19,0.368,19,0.947,19,97,1164,1204,2003,9,1
0021100192,1,1610612738,BOS,12,2,0.857,18,48,15,18,87,0.391,73,0.384,14,0.429,16,0.875,17,88,1164,1204,2003,-9,0
0021100193,0,1610612758,SAC,5,8,0.385,20,37,9,16,79,0.443,62,0.5,17,0.235,20,0.6,18,86,1146,201640,201246,-13,0
0021100193,1,1610612750,MIN,4,10,0.286,24,38,9,13,80,0.463,54,0.501,26,0.385,19,0.789,20,99,1146,201640,201246,13,1
0021100194,0,1610612742,DAL,8,6,0.571,16,49,11,15,80,0.35,54,0.444,26,0.154,16,0.625,15,70,1153,2004,2715,-3,0
0021100194,1,1610612747,LAL,10,5,0.667,19,44,6,11,76,0.382,66,0.425,10,0.1,19,0.737,14,73,1153,2004,2715,3,1
0021100195,0,1610612766,CHA,3,12,0.2,23,36,5,17,77,0.468,60,0.517,17,0.294,17,0.706,22,89,1664,101283,202027,-7,0
0021100195,1,1610612753,ORL,10,3,0.769,19,42,10,16,78,0.462,56,0.519,22,0.318,26,0.654,14,96,1664,101283,202027,7,1
0021100196,0,1610612744,GSW,6,7,0.462,26,43,12,12,94,0.436,75,0.426,19,0.474,19,0.737,24,105,1188,1199,202007,10,1
0021100196,1,1610612739,CLE,5,8,0.385,16,54,19,23,82,0.427,67,0.448,15,0.333,28,0.714,16,95,1188,1199,202007,-10,0
0021100197,0,1610612759,SAS,9,4,0.692,21,36,11,16,80,0.475,55,0.509,25,0.4,17,0.706,18,98,1174,1179,2716,-22,0
0021100197,1,1610612748,MIA,9,5,0.643,24,33,9,11,79,0.582,53,0.566,26,0.615,19,0.632,19,120,1174,1179,2716,22,1
0021100198,0,1610612756,PHX,13,3,0.812,19,38,7,19,74,0.514,63,0.524,11,0.455,19,0.842,17,97,1194,2882,201639,-21,0
0021100198,1,1610612741,CHI,4,9,0.308,31,41,12,6,88,0.534,78,0.538,10,0.5,24,0.792,17,118,1194,2882,201639,21,1
0021100199,0,1610612743,DEN,9,5,0.643,27,42,9,17,75,0.427,50,0.4,25,0.48,37,0.784,15,105,1148,2005,2532,10,1
0021100199,1,1610612749,MIL,4,9,0.308,21,43,14,18,91,0.418,68,0.457,23,0.304,14,0.857,27,95,1148,2005,2532,-10,0
0021100200,0,1610612765,DET,3,11,0.214,17,35,14,18,83,0.41,70,0.429,13,0.308,9,0.889,16,80,1363,2001,202058,-17,0
0021100200,1,1610612745,HOU,7,7,0.5,16,42,17,20,81,0.494,62,0.516,19,0.421,12,0.75,18,97,1363,2001,202058,17,1
0021100201,0,1610612746,LAC,7,4,0.636,17,45,13,13,85,0.365,65,0.416,20,0.2,21,0.619,21,79,1159,1168,2004,-29,0
0021100201,1,1610612762,UTA,9,4,0.692,18,48,9,8,82,0.476,74,0.487,8,0.375,31,0.871,20,108,1159,1168,2004,29,1
0021100202,0,1610612743,DEN,10,5,0.667,24,50,9,13,89,0.483,71,0.507,18,0.389,22,0.682,22,108,1185,1190,1204,4,1
0021100202,1,1610612755,PHI,10,4,0.714,22,51,13,11,98,0.439,84,0.465,14,0.286,19,0.737,23,104,1185,1190,1204,-4,0
0021100203,0,1610612760,OKC,12,3,0.8,15,43,6,21,77,0.481,58,0.569,19,0.211,30,0.8,31,102,2534,2882,201245,-3,0
0021100203,1,1610612764,WAS,2,12,0.143,18,52,19,17,86,0.384,65,0.385,21,0.381,43,0.721,23,105,2534,2882,201245,3,1
0021100204,0,1610612759,SAS,10,4,0.714,18,41,4,9,84,0.429,67,0.508,17,0.118,18,0.611,22,85,2001,2003,200832,2,1
0021100204,1,1610612753,ORL,10,5,0.667,12,60,18,11,87,0.333,66,0.379,21,0.19,27,0.778,18,83,2001,2003,200832,-2,0
0021100205,0,1610612761,TOR,5,8,0.385,12,38,6,16,69,0.377,54,0.408,15,0.267,20,0.85,25,73,1195,2878,202026,-23,0
0021100205,1,1610612738,BOS,4,11,0.267,21,45,9,9,71,0.479,55,0.509,16,0.375,32,0.688,20,96,1195,2878,202026,23,1
0021100206,0,1610612744,GSW,5,9,0.357,23,26,7,10,72,0.514,56,0.518,16,0.5,27,0.667,21,100,1152,101284,202037,-7,0
0021100206,1,1610612751,NJN,4,11,0.267,24,45,16,17,75,0.493,46,0.565,29,0.379,25,0.88,16,107,1152,101284,202037,7,1
0021100207,0,1610612756,PHX,6,8,0.429,21,38,3,15,79,0.456,67,0.433,12,0.583,16,0.75,21,91,1146,1164,201637,3,1
0021100207,1,1610612752,NYK,5,9,0.357,19,54,18,16,86,0.372,71,0.394,15,0.267,30,0.667,16,88,1146,1164,201637,-3,0
0021100208,0,1610612757,POR,11,4,0.733,23,41,13,9,92,0.38,73,0.41,19,0.263,20,0.7,21,89,1200,1201,200833,-3,0
0021100208,1,1610612737,ATL,8,6,0.571,18,47,5,14,71,0.465,60,0.467,11,0.455,27,0.778,18,92,1200,1201,200833,3,1
0021100209,0,1610612763,MEM,7,6,0.538,23,37,12,16,73,0.493,59,0.508,14,0.429,17,0.882,17,93,1363,1830,101283,6,1
0021100209,1,1610612740,NOH,3,11,0.214,23,34,9,17,70,0.486,58,0.5,12,0.417,16,0.875,19,87,1363,1830,101283,-6,0
0021100210,0,1610612765,DET,3,12,0.2,15,41,14,18,79,0.443,68,0.441,11,0.455,21,0.476,27,85,1193,2715,201639,-8,0
0021100210,1,1610612750,MIN,6,8,0.429,14,44,13,15,75,0.4,52,0.423,23,0.348,34,0.735,19,93,1193,2715,201639,8,1
0021100211,0,1610612754,IND,5,10,0.333,13,53,18,18,78,0.436,65,0.508,13,0.077,27,0.704,28,88,1153,1142,1159,-4,0
0021100211,1,1610612758,SAC,9,4,0.692,17,53,30,12,93,0.301,62,0.322,31,0.258,41,0.683,22,92,1153,1142,1159,4,1
0021100212,0,1610612742,DAL,8,4,0.667,22,42,15,15,81,0.42,61,0.41,20,0.45,18,0.667,18,89,1662,2529,201246,-2,0
0021100212,1,1610612746,LAC,8,7,0.533,25,47,16,13,87,0.425,65,0.446,22,0.364,17,0.529,17,91,1662,2529,201246,2,1
0021100213,0,1610612747,LAL,10,6,0.625,19,38,12,13,81,0.42,61,0.459,20,0.3,16,0.813,15,87,1162,2148,200834,-11,0
0021100213,1,1610612748,MIA,10,4,0.714,19,44,15,11,85,0.447,67,0.433,18,0.5,18,0.722,18,98,1162,2148,200834,11,1
0021100214,0,1610612740,NOH,3,12,0.2,20,48,16,13,94,0.394,83,0.41,11,0.273,16,0.688,15,88,2530,1664,202027,-2,0
0021100214,1,1610612745,HOU,8,7,0.533,17,53,14,19,88,0.398,61,0.427,27,0.333,13,0.846,18,90,2530,1664,202027,2,1
0021100215,0,1610612742,DAL,9,5,0.643,23,33,4,15,71,0.521,51,0.627,20,0.25,19,0.789,20,94,1147,2005,2532,3,1
0021100215,1,1610612762,UTA,9,7,0.562,16,44,15,12,80,0.388,68,0.412,12,0.25,29,0.897,19,91,1147,2005,2532,-3,0
0021100216,0,1610612757,POR,9,6,0.6,19,55,15,18,82,0.402,67,0.417,15,0.333,31,0.742,19,94,1146,1188,2534,10,1
0021100216,1,1610612761,TOR,4,12,0.25,21,40,11,14,82,0.366,67,0.373,15,0.333,25,0.76,23,84,1146,1188,2534,-10,0
0021100217,0,1610612737,ATL,11,5,0.688,21,32,3,15,74,0.432,59,0.457,15,0.333,8,0.875,17,76,1176,1193,2878,-14,0
0021100217,1,1610612755,PHI,11,4,0.733,24,51,15,12,84,0.417,67,0.463,17,0.235,19,0.842,8,90,1176,1193,2878,14,1
0021100218,0,1610612743,DEN,11,5,0.688,24,46,12,17,79,0.494,58,0.501,21,0.476,30,0.667,20,108,1179,2001,202007,4,1
0021100218,1,1610612764,WAS,2,13,0.133,28,40,8,10,95,0.421,69,0.42,26,0.423,17,0.765,24,104,1179,2001,202007,-4,0
0021100219,0,1610612756,PHX,5,9,0.357,20,44,8,21,69,0.449,50,0.52,19,0.263,16,0.75,16,79,1200,201638,202058,8,1
0021100219,1,1610612738,BOS,6,9,0.4,20,32,7,18,74,0.405,64,0.406,10,0.4,9,0.778,19,71,1200,201638,202058,-8,0
0021100220,0,1610612749,MIL,6,9,0.4,19,47,12,19,82,0.476,60,0.517,22,0.364,20,0.7,25,100,1152,1204,2882,14,1
0021100220,1,1610612752,NYK,5,9,0.357,13,43,12,24,73,0.37,51,0.412,22,0.273,33,0.788,22,86,1152,1204,2882,-14,0
0021100221,0,1610612763,MEM,3,13,0.188,23,27,3,15,68,0.574,59,0.577,9,0.556,20,0.75,20,98,1164,101284,202053,17,1
0021100221,1,1610612765,DET,8,6,0.571,17,38,13,25,66,0.439,56,0.446,10,0.4,26,0.731,16,81,1164,101284,202053,-17,0
0021100222,0,1610612741,CHI,14,3,0.824,27,54,13,20,83,0.554,74,0.54,9,0.667,17,0.941,23,114,1185,1195,200832,39,1
0021100222,1,1610612739,CLE,6,8,0.429,13,38,18,14,89,0.303,75,0.266,14,0.5,19,0.737,17,75,1185,1195,200832,-39,0
0021100223,0,1610612747,LAL,10,7,0.588,19,42,8,8,76,0.382,56,0.411,20,0.3,22,0.727,18,80,1830,201639,201640,-12,0
0021100223,1,1610612753,ORL,11,4,0.733,20,51,15,13,77,0.416,50,0.401,27,0.444,26,0.615,20,92,1830,201639,201640,12,1
0021100224,0,1610612758,SAC,10,6,0.625,16,46,13,14,83,0.434,62,0.5,21,0.238,19,0.579,23,88,2530,1363,101283,2,1
0021100224,1,1610612759,SAS,6,10,0.375,19,45,13,13,82,0.378,57,0.456,25,0.2,21,0.905,16,86,2530,1363,101283,-2,0
0021100225,0,1610612750,MIN,8,5,0.615,21,39,10,11,81,0.444,66,0.454,15,0.4,33,0.697,22,101,1174,2005,2532,3,1
0021100225,1,1610612746,LAC,7,8,0.467,12,41,7,18,71,0.465,50,0.44,21,0.524,28,0.75,27,98,1174,2005,2532,-3,0
0021100226,0,1610612754,IND,5,10,0.333,25,43,9,11,83,0.422,67,0.403,16,0.5,21,0.762,13,94,1147,2004,2529,3,1
0021100226,1,1610612744,GSW,10,4,0.714,18,45,7,18,80,0.463,57,0.474,23,0.435,8,0.875,21,91,1147,2004,2529,-3,0
0021100227,0,1610612739,CLE,12,5,0.706,18,33,5,18,70,0.486,50,0.54,20,0.35,27,0.704,19,94,1162,2148,201638,-27,0
0021100227,1,1610612737,ATL,6,9,0.4,31,36,9,10,83,0.554,59,0.593,24,0.458,24,0.75,17,121,1162,2148,201638,27,1
0021100228,0,1610612743,DEN,6,10,0.375,29,58,15,20,98,0.418,74,0.472,24,0.25,43,0.721,20,119,1176,1142,201246,5,1
0021100228,1,1610612752,NYK,12,5,0.706,24,50,11,23,97,0.454,64,0.516,33,0.333,21,0.714,34,114,1176,1142,201246,-5,0
0021100229,0,1610612755,PHI,11,4,0.733,18,31,7,9,83,0.446,68,0.427,15,0.533,15,0.667,17,92,1664,2715,200833,-21,0
0021100229,1,1610612748,MIA,11,5,0.688,24,52,12,11,81,0.543,65,0.569,16,0.438,21,0.857,13,113,1664,2715,200833,21,1
0021100230,0,1610612757,POR,9,7,0.562,19,38,13,9,81,0.42,61,0.509,20,0.15,24,0.833,24,91,1199,1179,200834,-3,0
0021100230,1,1610612765,DET,4,13,0.235,13,34,8,11,67,0.448,52,0.443,15,0.467,32,0.844,21,94,1199,1179,200834,3,1
0021100231,0,1610612760,OKC,4,12,0.25,13,55,14,19,77,0.416,60,0.467,17,0.235,24,0.667,16,84,1146,1188,1200,10,1
0021100231,1,1610612751,NJN,13,3,0.812,14,46,16,16,87,0.31,64,0.375,23,0.13,19,0.895,16,74,1146,1188,1200,-10,0
0021100232,0,1610612766,CHA,3,13,0.188,18,44,9,16,74,0.473,63,0.524,11,0.182,23,0.739,17,89,1164,2534,202053,-6,0
0021100232,1,1610612741,CHI,15,3,0.833,26,37,10,8,85,0.471,70,0.486,15,0.4,15,0.6,17,95,1164,2534,202053,6,1
0021100233,0,1610612758,SAC,6,11,0.353,20,38,11,16,87,0.414,68,0.441,19,0.316,22,0.773,19,95,1662,1168,202027,-33,0
0021100233,1,1610612763,MEM,9,6,0.6,27,51,11,11,92,0.543,76,0.552,16,0.5,27,0.741,20,128,1662,1168,202027,33,1
0021100234,0,1610612742,DAL,10,7,0.588,17,49,9,11,79,0.405,53,0.528,26,0.154,20,0.75,25,83,2003,1190,202026,2,1
0021100234,1,1610612740,NOH,3,13,0.188,15,41,11,11,79,0.367,60,0.45,19,0.105,32,0.656,16,81,2003,1190,202026,-2,0
0021100235,0,1610612759,SAS,9,7,0.562,24,43,16,13,94,0.447,72,0.486,22,0.318,15,0.733,15,102,2002,1194,201637,-3,0
0021100235,1,1610612745,HOU,10,7,0.588,22,32,4,13,79,0.557,57,0.667,22,0.273,12,0.917,18,105,2002,1194,201637,3,1
0021100236,0,1610612750,MIN,10,5,0.667,17,35,13,11,83,0.446,62,0.468,21,0.381,21,0.762,20,98,1148,2529,201245,-10,0
0021100236,1,1610612762,UTA,7,9,0.438,25,46,15,15,79,0.519,64,0.563,15,0.333,29,0.724,18,108,1148,2529,201245,10,1
0021100237,0,1610612738,BOS,2,14,0.125,22,35,7,17,72,0.514,60,0.533,12,0.417,30,0.7,20,100,1153,1185,1159,6,1
0021100237,1,1610612764,WAS,6,9,0.4,17,37,6,17,77,0.481,62,0.565,15,0.133,21,0.857,28,94,1153,1185,1159,-6,0
0021100238,0,1610612761,TOR,9,5,0.643,21,40,14,18,81,0.358,62,0.339,19,0.421,31,0.806,31,91,1147,1201,2716,-12,0
0021100238,1,1610612746,LAC,4,13,0.235,26,44,9,20,72,0.486,51,0.529,21,0.381,40,0.625,24,103,1147,1201,2716,12,1
0021100239,0,1610612766,CHA,3,14,0.176,18,34,7,13,79,0.468,65,0.492,14,0.357,15,0.533,20,87,1195,1193,2878,-10,0
0021100239,1,1610612751,NJN,5,12,0.294,19,47,16,12,86,0.442,59,0.526,27,0.259,15,0.933,14,97,1195,1193,2878,10,1
0021100240,0,1610612749,MIL,11,5,0.688,18,42,15,14,80,0.35,50,0.46,30,0.167,34,0.882,28,91,1830,201639,201640,9,1
0021100240,1,1610612748,MIA,6,9,0.4,9,42,12,21,67,0.373,55,0.4,12,0.25,35,0.829,25,82,1830,201639,201640,-9,0
0021100241,0,1610612754,IND,11,4,0.733,22,50,12,15,77,0.468,59,0.441,18,0.556,19,0.842,22,98,1174,2005,2532,2,1
0021100241,1,1610612747,LAL,10,8,0.556,22,43,18,8,86,0.419,77,0.442,9,0.222,33,0.667,16,96,1174,2005,2532,-2,0
0021100242,0,1610612764,WAS,12,5,0.706,15,38,9,9,74,0.432,67,0.477,7,0.0,27,0.704,17,83,1662,2148,201246,-20,0
0021100242,1,1610612755,PHI,2,15,0.118,30,46,9,6,83,0.518,67,0.552,16,0.375,20,0.55,19,103,1662,2148,201246,20,1
0021100243,0,1610612753,ORL,7,9,0.438,12,44,11,23,65,0.246,49,0.245,16,0.25,30,0.667,16,56,1188,1199,202053,-31,0
0021100243,1,1610612738,BOS,11,5,0.688,21,46,8,15,78,0.423,65,0.477,13,0.154,19,1.0,21,87,1188,1199,202053,31,1
0021100244,0,1610612751,NJN,16,3,0.842,23,32,9,11,77,0.481,58,0.518,19,0.368,21,0.667,18,95,2530,201638,201640,-15,0
0021100244,1,1610612741,CHI,5,13,0.278,33,43,12,10,75,0.573,56,0.643,19,0.368,23,0.739,18,110,2530,201638,201640,15,1
0021100245,0,1610612737,ATL,6,10,0.375,19,45,7,12,83,0.458,72,0.486,11,0.273,21,0.857,18,97,2715,1142,202027,5,1
0021100245,1,1610612749,MIL,13,5,0.722,25,48,13,13,92,0.402,75,0.426,17,0.294,17,0.765,17,92,2715,1142,202027,-5,0
0021100246,0,1610612759,SAS,3,14,0.176,28,27,4,10,75,0.547,59,0.577,16,0.438,20,0.75,10,104,1168,1198,1200,2,1
0021100246,1,1610612740,NOH,11,7,0.611,20,40,11,14,83,0.506,71,0.507,12,0.5,13,0.923,14,102,1168,1198,1200,-2,0
0021100247,0,1610612765,DET,4,14,0.222,14,38,11,9,82,0.341,68,0.352,14,0.286,27,0.704,11,79,1176,2003,202037,-20,0
0021100247,1,1610612760,OKC,14,3,0.824,21,51,9,19,77,0.532,61,0.557,16,0.438,14,0.714,22,99,1176,2003,202037,20,1
0021100248,0,1610612745,HOU,7,10,0.412,20,42,9,12,86,0.453,65,0.492,21,0.333,28,0.786,23,107,1152,2882,202026,15,1
0021100248,1,1610612750,MIN,10,7,0.588,22,40,7,20,80,0.412,68,0.411,12,0.417,27,0.778,20,92,1152,2882,202026,-15,0
0021100249,0,1610612756,PHX,11,7,0.611,22,52,17,19,83,0.373,63,0.396,20,0.3,22,0.864,19,87,1194,200833,202007,-6,0
0021100249,1,1610612742,DAL,6,10,0.375,23,42,12,12,81,0.407,56,0.446,25,0.32,29,0.655,17,93,1194,200833,202007,6,1
0021100250,0,1610612758,SAC,10,7,0.588,23,36,11,13,80,0.4,62,0.403,18,0.389,25,0.72,22,89,2529,1190,201245,-12,0
0021100250,1,1610612757,POR,6,12,0.333,22,53,19,17,88,0.466,69,0.493,19,0.368,21,0.571,22,101,2529,1190,201245,12,1
0021100251,0,1610612763,MEM,5,11,0.312,18,41,15,18,85,0.424,72,0.473,13,0.154,23,0.739,13,91,1148,2002,2716,1,1
0021100251,1,1610612744,GSW,10,6,0.625,24,39,8,24,76,0.5,51,0.569,25,0.36,8,0.625,22,90,1148,2002,2716,-1,0
0021100252,0,1610612752,NYK,3,15,0.167,26,53,13,13,78,0.5,59,0.543,19,0.368,33,0.788,21,111,1199,101284,202058,33,1
0021100252,1,1610612766,CHA,7,10,0.412,10,33,9,13,82,0.329,71,0.338,11,0.273,22,0.955,22,78,1199,101284,202058,-33,0
0021100253,0,1610612753,ORL,12,5,0.706,22,40,13,13,83,0.458,51,0.491,32,0.406,19,0.684,19,102,1162,2148,201637,19,1
0021100253,1,1610612754,IND,11,5,0.688,8,42,12,19,78,0.397,67,0.417,11,0.273,18,1.0,17,83,1162,2148,201637,-19,0
0021100254,0,1610612739,CLE,6,10,0.375,20,33,7,20,68,0.5,52,0.538,16,0.375,17,0.647,27,85,1146,1159,1193,-7,0
0021100254,1,1610612748,MIA,12,5,0.706,16,29,6,17,70,0.457,52,0.519,18,0.278,26,0.885,15,92,1146,1159,1193,7,1
0021100255,0,1610612761,TOR,6,11,0.353,18,46,11,16,82,0.415,67,0.389,15,0.533,25,0.92,22,99,1174,1179,2532,3,1
0021100255,1,1610612756,PHX,5,13,0.278,23,40,8,15,82,0.476,66,0.516,16,0.313,17,0.765,20,96,1174,1179,2532,-3,0
0021100256,0,1610612763,MEM,10,7,0.588,21,39,11,11,90,0.378,76,0.408,14,0.214,17,0.765,24,84,1147,1204,200832,-13,0
0021100256,1,1610612757,POR,11,7,0.611,16,50,11,20,72,0.431,50,0.521,22,0.227,36,0.833,18,97,1147,1204,200832,13,1
0021100257,0,1610612751,NJN,6,13,0.316,21,45,12,17,82,0.451,55,0.454,27,0.444,14,0.786,15,97,1153,101284,202058,7,1
0021100257,1,1610612755,PHI,12,6,0.667,21,37,7,13,79,0.443,65,0.462,14,0.357,19,0.789,20,90,1153,101284,202058,-7,0
0021100258,0,1610612766,CHA,3,16,0.158,13,38,13,19,78,0.359,69,0.391,9,0.111,25,0.72,12,75,1162,2005,202026,-17,0
0021100258,1,1610612764,WAS,3,15,0.167,23,51,15,22,83,0.47,73,0.493,10,0.3,16,0.688,28,92,1162,2005,202026,17,1
0021100259,0,1610612752,NYK,7,10,0.412,18,44,11,22,76,0.421,56,0.518,20,0.15,20,0.7,23,81,1662,201640,202053,-10,0
0021100259,1,1610612739,CLE,7,11,0.389,28,44,14,18,78,0.436,58,0.431,20,0.45,26,0.538,21,91,1662,201640,202053,10,1
0021100260,0,1610612748,MIA,13,5,0.722,24,26,6,11,71,0.521,56,0.571,15,0.333,25,0.88,20,101,1363,1142,201246,3,1
0021100260,1,1610612765,DET,4,15,0.211,19,43,14,17,72,0.5,50,0.58,22,0.318,25,0.76,24,98,1363,1142,201246,-3,0
0021100261,0,1610612754,IND,16,4,0.8,18,44,11,13,80,0.475,70,0.471,10,0.5,21,0.667,20,95,1830,2715,101283,5,1
0021100261,1,1610612741,CHI,12,5,0.706,19,41,15,12,90,0.4,77,0.429,13,0.231,21,0.714,20,90,1830,2715,101283,-5,0
0021100262,0,1610612749,MIL,10,8,0.556,26,43,10,10,91,0.429,62,0.404,29,0.483,17,0.765,17,105,1176,1168,202037,6,1
0021100262,1,1610612745,HOU,7,10,0.412,22,52,16,12,93,0.409,62,0.484,31,0.258,20,0.75,15,99,1176,1168,202037,-6,0
0021100263,0,1610612740,NOH,15,3,0.833,16,32,8,17,75,0.467,68,0.5,7,0.143,21,0.952,24,91,2530,2882,200833,-10,0
0021100263,1,1610612760,OKC,3,15,0.167,21,31,5,21,64,0.531,51,0.568,13,0.385,33,0.848,17,101,2530,2882,200833,10,1
0021100264,0,1610612750,MIN,11,8,0.579,20,49,11,15,77,0.442,56,0.447,21,0.429,33,0.848,12,105,1195,1198,200834,15,1
0021100264,1,1610612742,DAL,8,10,0.444,22,46,16,13,95,0.411,73,0.453,22,0.273,10,0.6,24,90,1195,1198,200834,-15,0
0021100265,0,1610612737,ATL,13,6,0.684,17,34,6,16,80,0.438,63,0.461,17,0.353,10,0.7,17,83,2003,2534,201639,-22,0
0021100265,1,1610612759,SAS,12,7,0.632,29,44,9,17,82,0.512,59,0.525,23,0.478,15,0.667,16,105,2003,2534,201639,22,1
0021100266,0,1610612761,TOR,6,13,0.316,23,42,9,16,96,0.448,68,0.485,28,0.357,19,0.789,30,111,1194,1204,200832,5,1
0021100266,1,1610612762,UTA,10,6,0.625,16,48,9,18,90,0.433,72,0.486,18,0.222,36,0.667,21,106,1194,1204,200832,-5,0
0021100267,0,1610612743,DEN,13,5,0.722,29,48,17,13,91,0.549,78,0.615,13,0.154,25,0.8,18,122,1148,2002,2716,29,1
0021100267,1,1610612758,SAC,6,13,0.316,19,35,12,16,78,0.436,58,0.431,20,0.45,22,0.727,24,93,1148,2002,2716,-29,0
0021100268,0,1610612746,LAC,9,6,0.6,20,42,17,12,87,0.425,64,0.453,23,0.348,14,0.643,25,91,1179,1190,201245,-5,0
0021100268,1,1610612747,LAL,11,8,0.579,20,36,10,16,66,0.485,50,0.48,16,0.5,32,0.75,15,96,1179,1190,201245,5,1
0021100269,0,1610612757,POR,6,11,0.353,25,43,12,12,83,0.41,62,0.42,21,0.381,20,0.85,15,93,1152,1201,2878,-8,0
0021100269,1,1610612744,GSW,11,8,0.579,33,30,5,11,79,0.519,59,0.508,20,0.55,14,0.571,18,101,1152,1201,2878,8,1
0021100270,0,1610612738,BOS,12,6,0.667,23,37,9,16,73,0.466,52,0.462,21,0.476,19,0.684,27,91,1193,1168,202007,8,1
0021100270,1,1610612753,ORL,8,9,0.471,16,46,16,12,79,0.38,62,0.404,17,0.294,31,0.581,23,83,1193,1168,202007,-8,0
0021100271,0,1610612763,MEM,10,6,0.625,18,42,14,17,84,0.357,66,0.364,18,0.333,31,0.806,25,91,1152,1185,201638,-7,0
0021100271,1,1610612746,LAC,10,8,0.556,24,37,7,16,72,0.486,50,0.52,22,0.409,27,0.704,22,98,1152,1185,201638,7,1
0021100272,0,1610612766,CHA,3,17,0.15,14,35,8,14,70,0.386,55,0.418,15,0.267,21,0.667,14,72,1830,1198,201640,-17,0
0021100272,1,1610612755,PHI,13,6,0.684,19,47,13,14,78,0.449,63,0.461,15,0.4,16,0.813,19,89,1830,1198,201640,17,1
